{
    "https://www.refracted.eu": {
        "present": {
            "X-XSS-Protection": "0",
            "X-Frame-Options": "SAMEORIGIN",
            "Strict-Transport-Security": "max-age=31536000"
        },
        "missing": [
            "X-Content-Type-Options",
            "Content-Security-Policy",
            "X-Permitted-Cross-Domain-Policies",
            "Referrer-Policy",
            "Expect-CT",
            "Permissions-Policy",
            "Cross-Origin-Embedder-Policy",
            "Cross-Origin-Resource-Policy",
            "Cross-Origin-Opener-Policy"
        ]
    },
    "information_disclosure": {
        "Server": "gws"
    },
    "caching": {
        "Cache-Control": "private"
    },
    "time": "12-05-2023_14:49:47:575194"
}