[
  {
    "target": "https://www.refracted.eu",
    "http_status": 200,
    "request_config": {
      "headers": {
        "User-Agent": "WhatWeb/0.5.5"
      }
    },
    "plugins": {
      "Cookies": {
        "string": [
          "frontend_lang",
          "session_id",
          "visitor_uuid"
        ]
      },
      "Country": {
        "string": [
          "UNITED STATES"
        ],
        "module": [
          "US"
        ]
      },
      "Email": {
        "string": [
          "info@refracted.eu"
        ]
      },
      "HTML5": {},
      "HTTPServer": {
        "string": [
          "Odoo.sh"
        ]
      },
      "HttpOnly": {
        "string": [
          "session_id"
        ]
      },
      "IP": {
        "string": [
          "34.140.38.116"
        ]
      },
      "MetaGenerator": {
        "string": [
          "Odoo"
        ]
      },
      "Odoo": {},
      "Open-Graph-Protocol": {
        "version": [
          "website"
        ]
      },
      "Script": {
        "string": [
          "text/javascript"
        ]
      },
      "Title": {
        "string": [
          "Refracted Security | Technical Security Consultants"
        ]
      },
      "UncommonHeaders": {
        "string": [
          "x-content-type-options"
        ]
      },
      "X-UA-Compatible": {
        "string": [
          "IE=edge"
        ]
      }
    }
  }
]