[
    {
        "id": "service",
        "ip": "www.refracted.eu/34.140.38.116",
        "port": "443",
        "severity": "INFO",
        "finding": "HTTP"
    },
    {
        "id": "pre_128cipher",
        "ip": "www.refracted.eu/34.140.38.116",
        "port": "443",
        "severity": "INFO",
        "finding": "No 128 cipher limit bug"
    },
    {
        "id": "SSLv2",
        "ip": "www.refracted.eu/34.140.38.116",
        "port": "443",
        "severity": "OK",
        "finding": "not offered"
    },
    {
        "id": "SSLv3",
        "ip": "www.refracted.eu/34.140.38.116",
        "port": "443",
        "severity": "OK",
        "finding": "not offered"
    },
    {
        "id": "TLS1",
        "ip": "www.refracted.eu/34.140.38.116",
        "port": "443",
        "severity": "INFO",
        "finding": "not offered"
    },
    {
        "id": "TLS1_1",
        "ip": "www.refracted.eu/34.140.38.116",
        "port": "443",
        "severity": "INFO",
        "finding": "not offered"
    },
    {
        "id": "TLS1_2",
        "ip": "www.refracted.eu/34.140.38.116",
        "port": "443",
        "severity": "OK",
        "finding": "offered"
    },
    {
        "id": "TLS1_3",
        "ip": "www.refracted.eu/34.140.38.116",
        "port": "443",
        "severity": "OK",
        "finding": "offered with final"
    },
    {
        "id": "NPN",
        "ip": "www.refracted.eu/34.140.38.116",
        "port": "443",
        "severity": "INFO",
        "finding": "not offered"
    },
    {
        "id": "ALPN",
        "ip": "www.refracted.eu/34.140.38.116",
        "port": "443",
        "severity": "INFO",
        "finding": "http/1.1"
    },
    {
        "id": "cipherlist_NULL",
        "ip": "www.refracted.eu/34.140.38.116",
        "port": "443",
        "severity": "OK",
        "cwe": "CWE-327",
        "finding": "not offered"
    },
    {
        "id": "cipherlist_aNULL",
        "ip": "www.refracted.eu/34.140.38.116",
        "port": "443",
        "severity": "OK",
        "cwe": "CWE-327",
        "finding": "not offered"
    },
    {
        "id": "cipherlist_EXPORT",
        "ip": "www.refracted.eu/34.140.38.116",
        "port": "443",
        "severity": "OK",
        "cwe": "CWE-327",
        "finding": "not offered"
    },
    {
        "id": "cipherlist_LOW",
        "ip": "www.refracted.eu/34.140.38.116",
        "port": "443",
        "severity": "OK",
        "cwe": "CWE-327",
        "finding": "not offered"
    },
    {
        "id": "cipherlist_3DES_IDEA",
        "ip": "www.refracted.eu/34.140.38.116",
        "port": "443",
        "severity": "INFO",
        "cwe": "CWE-310",
        "finding": "not offered"
    },
    {
        "id": "cipherlist_AVERAGE",
        "ip": "www.refracted.eu/34.140.38.116",
        "port": "443",
        "severity": "INFO",
        "cwe": "CWE-310",
        "finding": "not offered"
    },
    {
        "id": "cipherlist_STRONG",
        "ip": "www.refracted.eu/34.140.38.116",
        "port": "443",
        "severity": "OK",
        "finding": "offered"
    },
    {
        "id": "PFS",
        "ip": "www.refracted.eu/34.140.38.116",
        "port": "443",
        "severity": "OK",
        "finding": "offered"
    },
    {
        "id": "PFS_ciphers",
        "ip": "www.refracted.eu/34.140.38.116",
        "port": "443",
        "severity": "INFO",
        "finding": "TLS_AES_256_GCM_SHA384 TLS_CHACHA20_POLY1305_SHA256 ECDHE-RSA-AES256-GCM-SHA384 DHE-RSA-AES256-GCM-SHA384 ECDHE-RSA-CHACHA20-POLY1305 TLS_AES_128_GCM_SHA256 ECDHE-RSA-AES128-GCM-SHA256 DHE-RSA-AES128-GCM-SHA256"
    },
    {
        "id": "PFS_ECDHE_curves",
        "ip": "www.refracted.eu/34.140.38.116",
        "port": "443",
        "severity": "OK",
        "finding": "prime256v1 secp384r1 secp521r1 X25519 X448"
    },
    {
        "id": "DH_groups",
        "ip": "www.refracted.eu/34.140.38.116",
        "port": "443",
        "severity": "OK",
        "finding": "Unknown DH group (2048 bits)"
    },
    {
        "id": "cipher_order",
        "ip": "www.refracted.eu/34.140.38.116",
        "port": "443",
        "severity": "HIGH",
        "finding": "NOT a cipher order configured"
    },
    {
        "id": "protocol_negotiated",
        "ip": "www.refracted.eu/34.140.38.116",
        "port": "443",
        "severity": "OK",
        "finding": "Default protocol TLS1.3"
    },
    {
        "id": "cipher_negotiated",
        "ip": "www.refracted.eu/34.140.38.116",
        "port": "443",
        "severity": "OK",
        "finding": "TLS_AES_256_GCM_SHA384, 253 bit ECDH (X25519)  (limited sense as client will pick)"
    },
    {
        "id": "cipher_order_",
        "ip": "www.refracted.eu/34.140.38.116",
        "port": "443",
        "severity": "INFO",
        "finding": "at   (limited sense as client will pick)"
    },
    {
        "id": "cipher_order_",
        "ip": "www.refracted.eu/34.140.38.116",
        "port": "443",
        "severity": "INFO",
        "finding": "at   (limited sense as client will pick)"
    },
    {
        "id": "cipher_order_",
        "ip": "www.refracted.eu/34.140.38.116",
        "port": "443",
        "severity": "INFO",
        "finding": "at   (limited sense as client will pick)"
    },
    {
        "id": "cipher_order_",
        "ip": "www.refracted.eu/34.140.38.116",
        "port": "443",
        "severity": "INFO",
        "finding": "at   (limited sense as client will pick)"
    },
    {
        "id": "cipher_order_TLSv1.2",
        "ip": "www.refracted.eu/34.140.38.116",
        "port": "443",
        "severity": "INFO",
        "finding": "ECDHE-RSA-AES256-GCM-SHA384 at TLSv1.2  (limited sense as client will pick)"
    },
    {
        "id": "cipher_order_TLSv1.3",
        "ip": "www.refracted.eu/34.140.38.116",
        "port": "443",
        "severity": "INFO",
        "finding": "TLS_AES_256_GCM_SHA384 at TLSv1.3  (limited sense as client will pick)"
    },
    {
        "id": "TLS_extensions",
        "ip": "www.refracted.eu/34.140.38.116",
        "port": "443",
        "severity": "INFO",
        "finding": "'renegotiation info/#65281' 'server name/#0' 'EC point formats/#11' 'session ticket/#35' 'supported versions/#43' 'key share/#51' 'max fragment length/#1' 'application layer protocol negotiation/#16' 'extended master secret/#23'"
    },
    {
        "id": "TLS_session_ticket",
        "ip": "www.refracted.eu/34.140.38.116",
        "port": "443",
        "severity": "INFO",
        "finding": "valid for 600 seconds only (<daily)"
    },
    {
        "id": "SSL_sessionID_support",
        "ip": "www.refracted.eu/34.140.38.116",
        "port": "443",
        "severity": "INFO",
        "finding": "yes"
    },
    {
        "id": "sessionresumption_ticket",
        "ip": "www.refracted.eu/34.140.38.116",
        "port": "443",
        "severity": "INFO",
        "finding": "supported"
    },
    {
        "id": "sessionresumption_ID",
        "ip": "www.refracted.eu/34.140.38.116",
        "port": "443",
        "severity": "INFO",
        "finding": "supported"
    },
    {
        "id": "TLS_timestamp",
        "ip": "www.refracted.eu/34.140.38.116",
        "port": "443",
        "severity": "INFO",
        "finding": "random"
    },
    {
        "id": "cert_numbers",
        "ip": "www.refracted.eu/34.140.38.116",
        "port": "443",
        "severity": "INFO",
        "finding": "1"
    },
    {
        "id": "cert_signatureAlgorithm",
        "ip": "www.refracted.eu/34.140.38.116",
        "port": "443",
        "severity": "OK",
        "finding": "SHA256 with RSA"
    },
    {
        "id": "cert_keySize",
        "ip": "www.refracted.eu/34.140.38.116",
        "port": "443",
        "severity": "INFO",
        "finding": "RSA 2048 bits"
    },
    {
        "id": "cert_keyUsage",
        "ip": "www.refracted.eu/34.140.38.116",
        "port": "443",
        "severity": "INFO",
        "finding": "Digital Signature, Key Encipherment"
    },
    {
        "id": "cert_extKeyUsage",
        "ip": "www.refracted.eu/34.140.38.116",
        "port": "443",
        "severity": "INFO",
        "finding": "TLS Web Server Authentication, TLS Web Client Authentication"
    },
    {
        "id": "cert_serialNumber",
        "ip": "www.refracted.eu/34.140.38.116",
        "port": "443",
        "severity": "INFO",
        "finding": "03EFF72CF34E5E06504FD64B0649B3076FCD"
    },
    {
        "id": "cert_serialNumberLen",
        "ip": "www.refracted.eu/34.140.38.116",
        "port": "443",
        "severity": "INFO",
        "finding": "18"
    },
    {
        "id": "cert_fingerprintSHA1",
        "ip": "www.refracted.eu/34.140.38.116",
        "port": "443",
        "severity": "INFO",
        "finding": "920B04452FF8419BEE973036A48E23743CE5BE06"
    },
    {
        "id": "cert_fingerprintSHA256",
        "ip": "www.refracted.eu/34.140.38.116",
        "port": "443",
        "severity": "INFO",
        "finding": "037EACB0EF9D7CE85016F211846E209996DADBEE00318ED6E5AC56CB64E8EE9C"
    },
    {
        "id": "cert",
        "ip": "www.refracted.eu/34.140.38.116",
        "port": "443",
        "severity": "INFO",
        "finding": "-----BEGIN CERTIFICATE----- MIIFKDCCBBCgAwIBAgISA+/3LPNOXgZQT9ZLBkmzB2/NMA0GCSqGSIb3DQEBCwUA MDIxCzAJBgNVBAYTAlVTMRYwFAYDVQQKEw1MZXQncyBFbmNyeXB0MQswCQYDVQQD EwJSMzAeFw0yMzA1MTEwNzA3MzZaFw0yMzA4MDkwNzA3MzVaMBsxGTAXBgNVBAMT EHd3dy5yZWZyYWN0ZWQuZXUwggEiMA0GCSqGSIb3DQEBAQUAA4IBDwAwggEKAoIB AQC8gtnuyhL8nyzcUgfbgxg1QPPku76s0TIX8AMrsz1nFS6Ac4eHwo9AhHk/ZNoP KZYBAN+qF55LSpfrL/+UizSayEpFnANPtQGhHiJ8C/Q40hNXnOwIlRQGMhbKq80x Wp869oHiTvnhSpsmw678DDN0/ZRw3FflNFZkup8vEXTZoxYacmaihVALs0UYybb8 qoBdi6hV/WZukhgGxZYHEUKLFWbD4L0ge+I9FIm9MfdA2uFiwQ0UNMWfKiHUVIKD 9kmguK+uU1HXIbcK/ttTBSyXCUVNHIWxp38yKivkbMriwkW9IqWZnU1evIUUqKjg sb6KHgL1C+nS4KKiEhrNv0xhAgMBAAGjggJNMIICSTAOBgNVHQ8BAf8EBAMCBaAw HQYDVR0lBBYwFAYIKwYBBQUHAwEGCCsGAQUFBwMCMAwGA1UdEwEB/wQCMAAwHQYD VR0OBBYEFF87dknu7cPhpUzt59yEo4bu7dxmMB8GA1UdIwQYMBaAFBQusxe3WFbL rlAJQOYfr52LFMLGMFUGCCsGAQUFBwEBBEkwRzAhBggrBgEFBQcwAYYVaHR0cDov L3IzLm8ubGVuY3Iub3JnMCIGCCsGAQUFBzAChhZodHRwOi8vcjMuaS5sZW5jci5v cmcvMBsGA1UdEQQUMBKCEHd3dy5yZWZyYWN0ZWQuZXUwTAYDVR0gBEUwQzAIBgZn gQwBAgEwNwYLKwYBBAGC3xMBAQEwKDAmBggrBgEFBQcCARYaaHR0cDovL2Nwcy5s ZXRzZW5jcnlwdC5vcmcwggEGBgorBgEEAdZ5AgQCBIH3BIH0APIAdwC3Pvsk35xN unXyOcW6WPRsXfxCz3qfNcSeHQmBJe20mQAAAYgJ2etoAAAEAwBIMEYCIQChpdJ8 T/GHEA98e8hFktrJO96B9RiBjdjfSAciD11/QgIhALFE4SZ+r4nNkKwW1q0sQC0r dL8S3dOuS14H6sL0ZdVSAHcAejKMVNi3LbYg6jjgUh7phBZwMhOFTTvSK8E6V6NS 61IAAAGICdnrdwAABAMASDBGAiEAnSfLITkJn895SV+i9he8M3v83fnu35dLpwG1 +OkskywCIQDLyxES4R0dcfZX8OlyRfPPBRIsl3Fi+t4FFzYZOU4mIjANBgkqhkiG 9w0BAQsFAAOCAQEAlo8QQ1hnwhZ/BspT435Jc0eOqd8ggfONMlzgyR0hQT93xTBH lDfuSAlNgYi1XMof9WrG7BM7DO3403A/jZKexeo1UMKNeoGFOPvTuW0J18sSlqYn t80vM8Xu7kFqm8UdDSmrC6w95T4TgA4/uhuHiGZbOwZzEfMMGy1OW0wPipWm7rsE BJWcZnUPR/2mUhfmhdoMK6Lk5y3g8XdWa47myg0BvUxqK/3fhKVg1i/F5GLMwTXV nx8D2Pv8VzWbNGpQq4JBkxESJKuwVm0RoLrdwYLWHC4GIlQ01jC0KgFfdntf9GY8 0x7mvWgCoAsQuPZ4p++fWf8gkK+fkzaVniZMlA== -----END CERTIFICATE-----"
    },
    {
        "id": "cert_commonName",
        "ip": "www.refracted.eu/34.140.38.116",
        "port": "443",
        "severity": "OK",
        "finding": "www.refracted.eu"
    },
    {
        "id": "cert_commonName_wo_SNI",
        "ip": "www.refracted.eu/34.140.38.116",
        "port": "443",
        "severity": "INFO",
        "finding": "*.dev.odoo.com"
    },
    {
        "id": "cert_subjectAltName",
        "ip": "www.refracted.eu/34.140.38.116",
        "port": "443",
        "severity": "INFO",
        "finding": "www.refracted.eu"
    },
    {
        "id": "cert_caIssuers",
        "ip": "www.refracted.eu/34.140.38.116",
        "port": "443",
        "severity": "INFO",
        "finding": "R3 (Let's Encrypt from US)"
    },
    {
        "id": "cert_trust",
        "ip": "www.refracted.eu/34.140.38.116",
        "port": "443",
        "severity": "OK",
        "finding": "Ok via SAN (SNI mandatory)"
    },
    {
        "id": "cert_chain_of_trust",
        "ip": "www.refracted.eu/34.140.38.116",
        "port": "443",
        "severity": "OK",
        "finding": "passed."
    },
    {
        "id": "cert_certificatePolicies_EV",
        "ip": "www.refracted.eu/34.140.38.116",
        "port": "443",
        "severity": "INFO",
        "finding": "no"
    },
    {
        "id": "cert_eTLS",
        "ip": "www.refracted.eu/34.140.38.116",
        "port": "443",
        "severity": "INFO",
        "finding": "not present"
    },
    {
        "id": "cert_expirationStatus",
        "ip": "www.refracted.eu/34.140.38.116",
        "port": "443",
        "severity": "OK",
        "finding": "85 >= 30 days"
    },
    {
        "id": "cert_notBefore",
        "ip": "www.refracted.eu/34.140.38.116",
        "port": "443",
        "severity": "INFO",
        "finding": "2023-05-11 07:07"
    },
    {
        "id": "cert_notAfter",
        "ip": "www.refracted.eu/34.140.38.116",
        "port": "443",
        "severity": "OK",
        "finding": "2023-08-09 07:07"
    },
    {
        "id": "cert_validityPeriod",
        "ip": "www.refracted.eu/34.140.38.116",
        "port": "443",
        "severity": "INFO",
        "finding": "No finding"
    },
    {
        "id": "certs_countServer",
        "ip": "www.refracted.eu/34.140.38.116",
        "port": "443",
        "severity": "INFO",
        "finding": "5"
    },
    {
        "id": "certs_list_ordering_problem",
        "ip": "www.refracted.eu/34.140.38.116",
        "port": "443",
        "severity": "LOW",
        "finding": "yes"
    },
    {
        "id": "cert_crlDistributionPoints",
        "ip": "www.refracted.eu/34.140.38.116",
        "port": "443",
        "severity": "INFO",
        "finding": "--"
    },
    {
        "id": "cert_ocspURL",
        "ip": "www.refracted.eu/34.140.38.116",
        "port": "443",
        "severity": "INFO",
        "finding": "http://r3.o.lencr.org"
    },
    {
        "id": "OCSP_stapling",
        "ip": "www.refracted.eu/34.140.38.116",
        "port": "443",
        "severity": "LOW",
        "finding": "not offered"
    },
    {
        "id": "cert_mustStapleExtension",
        "ip": "www.refracted.eu/34.140.38.116",
        "port": "443",
        "severity": "INFO",
        "finding": "--"
    },
    {
        "id": "DNS_CAArecord",
        "ip": "www.refracted.eu/34.140.38.116",
        "port": "443",
        "severity": "LOW",
        "finding": "--"
    },
    {
        "id": "certificate_transparency",
        "ip": "www.refracted.eu/34.140.38.116",
        "port": "443",
        "severity": "OK",
        "finding": "yes (certificate extension)"
    },
    {
        "id": "HTTP_status_code",
        "ip": "www.refracted.eu/34.140.38.116",
        "port": "443",
        "severity": "INFO",
        "finding": "200 OK ('/')"
    },
    {
        "id": "HTTP_clock_skew",
        "ip": "www.refracted.eu/34.140.38.116",
        "port": "443",
        "severity": "INFO",
        "finding": "-1 seconds from localtime"
    },
    {
        "id": "HSTS",
        "ip": "www.refracted.eu/34.140.38.116",
        "port": "443",
        "severity": "LOW",
        "finding": "not offered"
    },
    {
        "id": "HPKP",
        "ip": "www.refracted.eu/34.140.38.116",
        "port": "443",
        "severity": "INFO",
        "finding": "No support for HTTP Public Key Pinning"
    },
    {
        "id": "banner_server",
        "ip": "www.refracted.eu/34.140.38.116",
        "port": "443",
        "severity": "INFO",
        "finding": "Odoo.sh"
    },
    {
        "id": "banner_application",
        "ip": "www.refracted.eu/34.140.38.116",
        "port": "443",
        "severity": "INFO",
        "finding": "No application banner found"
    },
    {
        "id": "cookie_count",
        "ip": "www.refracted.eu/34.140.38.116",
        "port": "443",
        "severity": "INFO",
        "finding": "3 at '/'"
    },
    {
        "id": "cookie_secure",
        "ip": "www.refracted.eu/34.140.38.116",
        "port": "443",
        "severity": "INFO",
        "finding": "0/3 at '/' marked as secure"
    },
    {
        "id": "cookie_httponly",
        "ip": "www.refracted.eu/34.140.38.116",
        "port": "443",
        "severity": "INFO",
        "finding": "0/3 at '/' marked as HttpOnly"
    },
    {
        "id": "X-Content-Type-Options",
        "ip": "www.refracted.eu/34.140.38.116",
        "port": "443",
        "severity": "OK",
        "finding": "nosniff"
    },
    {
        "id": "banner_reverseproxy",
        "ip": "www.refracted.eu/34.140.38.116",
        "port": "443",
        "severity": "INFO",
        "cwe": "CWE-200",
        "finding": "--"
    },
    {
        "id": "heartbleed",
        "ip": "www.refracted.eu/34.140.38.116",
        "port": "443",
        "severity": "OK",
        "cve": "CVE-2014-0160",
        "cwe": "CWE-119",
        "finding": "not vulnerable, no heartbeat extension"
    },
    {
        "id": "CCS",
        "ip": "www.refracted.eu/34.140.38.116",
        "port": "443",
        "severity": "OK",
        "cve": "CVE-2014-0224",
        "cwe": "CWE-310",
        "finding": "not vulnerable"
    },
    {
        "id": "ticketbleed",
        "ip": "www.refracted.eu/34.140.38.116",
        "port": "443",
        "severity": "OK",
        "cve": "CVE-2016-9244",
        "cwe": "CWE-200",
        "finding": "not vulnerable"
    },
    {
        "id": "ROBOT",
        "ip": "www.refracted.eu/34.140.38.116",
        "port": "443",
        "severity": "OK",
        "cve": "CVE-2017-17382 CVE-2017-17427 CVE-2017-17428 CVE-2017-13098 CVE-2017-1000385 CVE-2017-13099 CVE-2016-6883 CVE-2012-5081 CVE-2017-6168",
        "cwe": "CWE-203",
        "finding": "not vulnerable, no RSA key transport cipher"
    },
    {
        "id": "secure_renego",
        "ip": "www.refracted.eu/34.140.38.116",
        "port": "443",
        "severity": "OK",
        "cwe": "CWE-310",
        "finding": "supported"
    },
    {
        "id": "secure_client_renego",
        "ip": "www.refracted.eu/34.140.38.116",
        "port": "443",
        "severity": "OK",
        "cve": "CVE-2011-1473",
        "cwe": "CWE-310",
        "finding": "not vulnerable"
    },
    {
        "id": "CRIME_TLS",
        "ip": "www.refracted.eu/34.140.38.116",
        "port": "443",
        "severity": "OK",
        "cve": "CVE-2012-4929",
        "cwe": "CWE-310",
        "finding": "not vulnerable"
    },
    {
        "id": "BREACH",
        "ip": "www.refracted.eu/34.140.38.116",
        "port": "443",
        "severity": "MEDIUM",
        "cve": "CVE-2013-3587",
        "cwe": "CWE-310",
        "finding": "potentially VULNERABLE, gzip HTTP compression detected  - only supplied '/' tested"
    },
    {
        "id": "POODLE_SSL",
        "ip": "www.refracted.eu/34.140.38.116",
        "port": "443",
        "severity": "OK",
        "cve": "CVE-2014-3566",
        "cwe": "CWE-310",
        "finding": "not vulnerable, no SSLv3"
    },
    {
        "id": "fallback_SCSV",
        "ip": "www.refracted.eu/34.140.38.116",
        "port": "443",
        "severity": "OK",
        "finding": "no protocol below TLS 1.2 offered"
    },
    {
        "id": "SWEET32",
        "ip": "www.refracted.eu/34.140.38.116",
        "port": "443",
        "severity": "OK",
        "cve": "CVE-2016-2183 CVE-2016-6329",
        "cwe": "CWE-327",
        "finding": "not vulnerable"
    },
    {
        "id": "FREAK",
        "ip": "www.refracted.eu/34.140.38.116",
        "port": "443",
        "severity": "OK",
        "cve": "CVE-2015-0204",
        "cwe": "CWE-310",
        "finding": "not vulnerable"
    },
    {
        "id": "DROWN",
        "ip": "www.refracted.eu/34.140.38.116",
        "port": "443",
        "severity": "OK",
        "cve": "CVE-2016-0800 CVE-2016-0703",
        "cwe": "CWE-310",
        "finding": "not vulnerable on this host and port"
    },
    {
        "id": "DROWN_hint",
        "ip": "www.refracted.eu/34.140.38.116",
        "port": "443",
        "severity": "INFO",
        "cve": "CVE-2016-0800 CVE-2016-0703",
        "cwe": "CWE-310",
        "finding": "Make sure you don't use this certificate elsewhere with SSLv2 enabled services, see https://search.censys.io/search?resource=hosts&virtual_hosts=INCLUDE&q=037EACB0EF9D7CE85016F211846E209996DADBEE00318ED6E5AC56CB64E8EE9C"
    },
    {
        "id": "LOGJAM",
        "ip": "www.refracted.eu/34.140.38.116",
        "port": "443",
        "severity": "OK",
        "cve": "CVE-2015-4000",
        "cwe": "CWE-310",
        "finding": "not vulnerable, no DH EXPORT ciphers,"
    },
    {
        "id": "LOGJAM-common_primes",
        "ip": "www.refracted.eu/34.140.38.116",
        "port": "443",
        "severity": "OK",
        "cve": "CVE-2015-4000",
        "cwe": "CWE-310",
        "finding": "--"
    },
    {
        "id": "BEAST",
        "ip": "www.refracted.eu/34.140.38.116",
        "port": "443",
        "severity": "OK",
        "cve": "CVE-2011-3389",
        "cwe": "CWE-20",
        "finding": "not vulnerable, no SSL3 or TLS1"
    },
    {
        "id": "LUCKY13",
        "ip": "www.refracted.eu/34.140.38.116",
        "port": "443",
        "severity": "OK",
        "cve": "CVE-2013-0169",
        "cwe": "CWE-310",
        "finding": "not vulnerable"
    },
    {
        "id": "RC4",
        "ip": "www.refracted.eu/34.140.38.116",
        "port": "443",
        "severity": "OK",
        "cve": "CVE-2013-2566 CVE-2015-2808",
        "cwe": "CWE-310",
        "finding": "not vulnerable"
    },
    {
        "id": "cipher_x1302",
        "ip": "www.refracted.eu/34.140.38.116",
        "port": "443",
        "severity": "INFO",
        "finding": "x1302   TLS_AES_256_GCM_SHA384            ECDH 253   AESGCM      256      TLS_AES_256_GCM_SHA384"
    },
    {
        "id": "cipher_x1303",
        "ip": "www.refracted.eu/34.140.38.116",
        "port": "443",
        "severity": "INFO",
        "finding": "x1303   TLS_CHACHA20_POLY1305_SHA256      ECDH 253   ChaCha20    256      TLS_CHACHA20_POLY1305_SHA256"
    },
    {
        "id": "cipher_xc030",
        "ip": "www.refracted.eu/34.140.38.116",
        "port": "443",
        "severity": "INFO",
        "finding": "xc030   ECDHE-RSA-AES256-GCM-SHA384       ECDH 253   AESGCM      256      TLS_ECDHE_RSA_WITH_AES_256_GCM_SHA384"
    },
    {
        "id": "cipher_x9f",
        "ip": "www.refracted.eu/34.140.38.116",
        "port": "443",
        "severity": "INFO",
        "finding": "x9f     DHE-RSA-AES256-GCM-SHA384         DH 2048    AESGCM      256      TLS_DHE_RSA_WITH_AES_256_GCM_SHA384"
    },
    {
        "id": "cipher_xcca8",
        "ip": "www.refracted.eu/34.140.38.116",
        "port": "443",
        "severity": "INFO",
        "finding": "xcca8   ECDHE-RSA-CHACHA20-POLY1305       ECDH 253   ChaCha20    256      TLS_ECDHE_RSA_WITH_CHACHA20_POLY1305_SHA256"
    },
    {
        "id": "cipher_x1301",
        "ip": "www.refracted.eu/34.140.38.116",
        "port": "443",
        "severity": "INFO",
        "finding": "x1301   TLS_AES_128_GCM_SHA256            ECDH 253   AESGCM      128      TLS_AES_128_GCM_SHA256"
    },
    {
        "id": "cipher_xc02f",
        "ip": "www.refracted.eu/34.140.38.116",
        "port": "443",
        "severity": "INFO",
        "finding": "xc02f   ECDHE-RSA-AES128-GCM-SHA256       ECDH 253   AESGCM      128      TLS_ECDHE_RSA_WITH_AES_128_GCM_SHA256"
    },
    {
        "id": "cipher_x9e",
        "ip": "www.refracted.eu/34.140.38.116",
        "port": "443",
        "severity": "INFO",
        "finding": "x9e     DHE-RSA-AES128-GCM-SHA256         DH 2048    AESGCM      128      TLS_DHE_RSA_WITH_AES_128_GCM_SHA256"
    },
    {
        "id": "clientsimulation-android_60",
        "ip": "www.refracted.eu/34.140.38.116",
        "port": "443",
        "severity": "INFO",
        "finding": "TLSv1.2 ECDHE-RSA-AES128-GCM-SHA256"
    },
    {
        "id": "clientsimulation-android_70",
        "ip": "www.refracted.eu/34.140.38.116",
        "port": "443",
        "severity": "INFO",
        "finding": "TLSv1.2 ECDHE-RSA-AES128-GCM-SHA256"
    },
    {
        "id": "clientsimulation-android_81",
        "ip": "www.refracted.eu/34.140.38.116",
        "port": "443",
        "severity": "INFO",
        "finding": "TLSv1.2 ECDHE-RSA-AES128-GCM-SHA256"
    },
    {
        "id": "clientsimulation-android_90",
        "ip": "www.refracted.eu/34.140.38.116",
        "port": "443",
        "severity": "INFO",
        "finding": "TLSv1.3 TLS_AES_128_GCM_SHA256"
    },
    {
        "id": "clientsimulation-android_X",
        "ip": "www.refracted.eu/34.140.38.116",
        "port": "443",
        "severity": "INFO",
        "finding": "TLSv1.3 TLS_AES_128_GCM_SHA256"
    },
    {
        "id": "clientsimulation-android_11",
        "ip": "www.refracted.eu/34.140.38.116",
        "port": "443",
        "severity": "INFO",
        "finding": "TLSv1.3 TLS_AES_128_GCM_SHA256"
    },
    {
        "id": "clientsimulation-android_12",
        "ip": "www.refracted.eu/34.140.38.116",
        "port": "443",
        "severity": "INFO",
        "finding": "TLSv1.3 TLS_AES_128_GCM_SHA256"
    },
    {
        "id": "clientsimulation-chrome_79_win10",
        "ip": "www.refracted.eu/34.140.38.116",
        "port": "443",
        "severity": "INFO",
        "finding": "TLSv1.3 TLS_AES_128_GCM_SHA256"
    },
    {
        "id": "clientsimulation-chrome_101_win10",
        "ip": "www.refracted.eu/34.140.38.116",
        "port": "443",
        "severity": "INFO",
        "finding": "TLSv1.3 TLS_AES_128_GCM_SHA256"
    },
    {
        "id": "clientsimulation-firefox_66_win81",
        "ip": "www.refracted.eu/34.140.38.116",
        "port": "443",
        "severity": "INFO",
        "finding": "TLSv1.3 TLS_AES_128_GCM_SHA256"
    },
    {
        "id": "clientsimulation-firefox_100_win10",
        "ip": "www.refracted.eu/34.140.38.116",
        "port": "443",
        "severity": "INFO",
        "finding": "TLSv1.3 TLS_AES_128_GCM_SHA256"
    },
    {
        "id": "clientsimulation-ie_6_xp",
        "ip": "www.refracted.eu/34.140.38.116",
        "port": "443",
        "severity": "INFO",
        "finding": "No connection"
    },
    {
        "id": "clientsimulation-ie_8_win7",
        "ip": "www.refracted.eu/34.140.38.116",
        "port": "443",
        "severity": "INFO",
        "finding": "No connection"
    },
    {
        "id": "clientsimulation-ie_8_xp",
        "ip": "www.refracted.eu/34.140.38.116",
        "port": "443",
        "severity": "INFO",
        "finding": "No connection"
    },
    {
        "id": "clientsimulation-ie_11_win7",
        "ip": "www.refracted.eu/34.140.38.116",
        "port": "443",
        "severity": "INFO",
        "finding": "TLSv1.2 DHE-RSA-AES256-GCM-SHA384"
    },
    {
        "id": "clientsimulation-ie_11_win81",
        "ip": "www.refracted.eu/34.140.38.116",
        "port": "443",
        "severity": "INFO",
        "finding": "TLSv1.2 DHE-RSA-AES256-GCM-SHA384"
    },
    {
        "id": "clientsimulation-ie_11_winphone81",
        "ip": "www.refracted.eu/34.140.38.116",
        "port": "443",
        "severity": "INFO",
        "finding": "No connection"
    },
    {
        "id": "clientsimulation-ie_11_win10",
        "ip": "www.refracted.eu/34.140.38.116",
        "port": "443",
        "severity": "INFO",
        "finding": "TLSv1.2 ECDHE-RSA-AES256-GCM-SHA384"
    },
    {
        "id": "clientsimulation-edge_15_win10",
        "ip": "www.refracted.eu/34.140.38.116",
        "port": "443",
        "severity": "INFO",
        "finding": "TLSv1.2 ECDHE-RSA-AES256-GCM-SHA384"
    },
    {
        "id": "clientsimulation-edge_101_win10_21h2",
        "ip": "www.refracted.eu/34.140.38.116",
        "port": "443",
        "severity": "INFO",
        "finding": "TLSv1.3 TLS_AES_128_GCM_SHA256"
    },
    {
        "id": "clientsimulation-safari_121_ios_122",
        "ip": "www.refracted.eu/34.140.38.116",
        "port": "443",
        "severity": "INFO",
        "finding": "TLSv1.3 TLS_CHACHA20_POLY1305_SHA256"
    },
    {
        "id": "clientsimulation-safari_130_osx_10146",
        "ip": "www.refracted.eu/34.140.38.116",
        "port": "443",
        "severity": "INFO",
        "finding": "TLSv1.3 TLS_CHACHA20_POLY1305_SHA256"
    },
    {
        "id": "clientsimulation-safari_154_osx_1231",
        "ip": "www.refracted.eu/34.140.38.116",
        "port": "443",
        "severity": "INFO",
        "finding": "TLSv1.3 TLS_AES_128_GCM_SHA256"
    },
    {
        "id": "clientsimulation-java_7u25",
        "ip": "www.refracted.eu/34.140.38.116",
        "port": "443",
        "severity": "INFO",
        "finding": "No connection"
    },
    {
        "id": "clientsimulation-java_8u161",
        "ip": "www.refracted.eu/34.140.38.116",
        "port": "443",
        "severity": "INFO",
        "finding": "TLSv1.2 ECDHE-RSA-AES256-GCM-SHA384"
    },
    {
        "id": "clientsimulation-java1102",
        "ip": "www.refracted.eu/34.140.38.116",
        "port": "443",
        "severity": "INFO",
        "finding": "TLSv1.3 TLS_AES_128_GCM_SHA256"
    },
    {
        "id": "clientsimulation-java1703",
        "ip": "www.refracted.eu/34.140.38.116",
        "port": "443",
        "severity": "INFO",
        "finding": "TLSv1.3 TLS_AES_256_GCM_SHA384"
    },
    {
        "id": "clientsimulation-go_1178",
        "ip": "www.refracted.eu/34.140.38.116",
        "port": "443",
        "severity": "INFO",
        "finding": "TLSv1.3 TLS_AES_128_GCM_SHA256"
    },
    {
        "id": "clientsimulation-libressl_283",
        "ip": "www.refracted.eu/34.140.38.116",
        "port": "443",
        "severity": "INFO",
        "finding": "TLSv1.2 ECDHE-RSA-CHACHA20-POLY1305"
    },
    {
        "id": "clientsimulation-openssl_102e",
        "ip": "www.refracted.eu/34.140.38.116",
        "port": "443",
        "severity": "INFO",
        "finding": "TLSv1.2 ECDHE-RSA-AES256-GCM-SHA384"
    },
    {
        "id": "clientsimulation-openssl_110l",
        "ip": "www.refracted.eu/34.140.38.116",
        "port": "443",
        "severity": "INFO",
        "finding": "TLSv1.2 ECDHE-RSA-AES256-GCM-SHA384"
    },
    {
        "id": "clientsimulation-openssl_111d",
        "ip": "www.refracted.eu/34.140.38.116",
        "port": "443",
        "severity": "INFO",
        "finding": "TLSv1.3 TLS_AES_256_GCM_SHA384"
    },
    {
        "id": "clientsimulation-openssl_303",
        "ip": "www.refracted.eu/34.140.38.116",
        "port": "443",
        "severity": "INFO",
        "finding": "TLSv1.3 TLS_AES_256_GCM_SHA384"
    },
    {
        "id": "clientsimulation-apple_mail_16_0",
        "ip": "www.refracted.eu/34.140.38.116",
        "port": "443",
        "severity": "INFO",
        "finding": "TLSv1.2 ECDHE-RSA-AES256-GCM-SHA384"
    },
    {
        "id": "clientsimulation-thunderbird_91_9",
        "ip": "www.refracted.eu/34.140.38.116",
        "port": "443",
        "severity": "INFO",
        "finding": "TLSv1.3 TLS_AES_128_GCM_SHA256"
    },
    {
        "id": "scanTime",
        "ip": "www.refracted.eu/34.140.38.116",
        "port": "443",
        "severity": "INFO",
        "finding": "70"
    },
    {
        "time": "15-05-2023_11-37-56"
    }
]