{
    "banner": {
      "description": "WordPress Security Scanner by the WPScan Team",
      "version": "3.8.22",
      "authors": [
        "@_WPScan_",
        "@ethicalhack3r",
        "@erwan_lr",
        "@firefart"
      ],
      "sponsor": "Sponsored by Automattic - https://automattic.com/"
    },
    "start_time": 1683721954,
    "start_memory": 57159680,
    "target_url": "https://timverbecque.be/",
    "target_ip": "185.86.18.121",
    "effective_url": "https://timverbecque.be/",
    "interesting_findings": [
      {
        "url": "https://timverbecque.be/",
        "to_s": "Headers",
        "type": "headers",
        "found_by": "Headers (Passive Detection)",
        "confidence": 100,
        "confirmed_by": {
  
        },
        "references": {
  
        },
        "interesting_entries": [
          "server: nginx"
        ]
      },
      {
        "url": "https://timverbecque.be/readme.html",
        "to_s": "WordPress readme found: https://timverbecque.be/readme.html",
        "type": "readme",
        "found_by": "Direct Access (Aggressive Detection)",
        "confidence": 100,
        "confirmed_by": {
  
        },
        "references": {
  
        },
        "interesting_entries": [
  
        ]
      },
      {
        "url": "https://timverbecque.be/wp-content/backup-db/",
        "to_s": "A backup directory has been found: https://timverbecque.be/wp-content/backup-db/",
        "type": "backup_db",
        "found_by": "Direct Access (Aggressive Detection)",
        "confidence": 70,
        "confirmed_by": {
  
        },
        "references": {
          "url": [
            "https://github.com/wpscanteam/wpscan/issues/422"
          ]
        },
        "interesting_entries": [
  
        ]
      },
      {
        "url": "https://timverbecque.be/wp-content/mu-plugins/",
        "to_s": "This site has 'Must Use Plugins': https://timverbecque.be/wp-content/mu-plugins/",
        "type": "mu_plugins",
        "found_by": "Direct Access (Aggressive Detection)",
        "confidence": 80,
        "confirmed_by": {
  
        },
        "references": {
          "url": [
            "http://codex.wordpress.org/Must_Use_Plugins"
          ]
        },
        "interesting_entries": [
  
        ]
      }
    ],
    "version": {
      "number": "6.1.1",
      "release_date": "2022-11-15",
      "status": "outdated",
      "found_by": "Emoji Settings (Passive Detection)",
      "confidence": 100,
      "interesting_entries": [
        "https://timverbecque.be/, Match: 'wp-includes\\/js\\/wp-emoji-release.min.js?ver=6.1.1'"
      ],
      "confirmed_by": {
        "Meta Generator (Passive Detection)": {
          "confidence": 60,
          "interesting_entries": [
            "https://timverbecque.be/, Match: 'WordPress 6.1.1'"
          ]
        }
      },
      "vulnerabilities": [
        {
          "title": "WP <= 6.2 - Unauthenticated Blind SSRF via DNS Rebinding",
          "fixed_in": null,
          "references": {
            "cve": [
              "2022-3590"
            ],
            "url": [
              "https://blog.sonarsource.com/wordpress-core-unauthenticated-blind-ssrf/"
            ],
            "wpvulndb": [
              "c8814e6e-78b3-4f63-a1d3-6906a84c1f11"
            ]
          }
        }
      ]
    },
    "main_theme": {
      "slug": "neve",
      "location": "https://timverbecque.be/wp-content/themes/neve/",
      "latest_version": "3.5.8",
      "last_updated": "2023-04-19T00:00:00.000Z",
      "outdated": true,
      "readme_url": "https://timverbecque.be/wp-content/themes/neve/readme.txt",
      "directory_listing": false,
      "error_log_url": null,
      "style_url": "https://timverbecque.be/wp-content/themes/neve/style.css",
      "style_name": "Neve",
      "style_uri": "https://themeisle.com/themes/neve/",
      "description": "Neve is a super fast, easily customizable, multi-purpose theme. It’s perfect for blogs, small business, startups, agencies, firms, e-commerce shops (WooCommerce storefront) as well as personal portfolio sites and most types of projects. A fully AMP optimized and responsive theme, Neve will load in mere seconds and adapt perfectly on any viewing device. While it is lightweight and has a minimalist design, the theme is highly extendable, it has a highly SEO optimized code, resulting in top rankings in Google search results. Neve works perfectly with Gutenberg and the most popular page builders (Elementor, Brizy, Beaver Builder, Visual Composer, SiteOrigin, Divi). Neve is also WooCommerce ready, responsive, RTL & translation ready. Look no further. Neve is the perfect theme for you!",
      "author": "ThemeIsle",
      "author_uri": "https://themeisle.com",
      "template": null,
      "license": "GNU General Public License v2 or later",
      "license_uri": "http://www.gnu.org/licenses/gpl-2.0.html",
      "tags": "blog, custom-logo, e-commerce, rtl-language-support, grid-layout, one-column, two-columns, custom-background, custom-colors, custom-header, custom-menu, featured-image-header, featured-images, flexible-header, full-width-template, sticky-post, theme-options, threaded-comments, translation-ready, accessibility-ready, wide-blocks, block-styles, footer-widgets, portfolio, left-sidebar, right-sidebar",
      "text_domain": "neve",
      "found_by": "Urls In Homepage (Passive Detection)",
      "confidence": 4,
      "interesting_entries": [
  
      ],
      "confirmed_by": {
  
      },
      "vulnerabilities": [
  
      ],
      "version": {
        "number": "3.5.5",
        "confidence": 80,
        "found_by": "Style (Passive Detection)",
        "interesting_entries": [
          "https://timverbecque.be/wp-content/themes/neve/style.css, Match: 'Version:        3.5.5'"
        ],
        "confirmed_by": {
  
        }
      },
      "parents": [
  
      ]
    },
    "plugins": {
      "otter-blocks": {
        "slug": "otter-blocks",
        "location": "https://timverbecque.be/wp-content/plugins/otter-blocks/",
        "latest_version": "2.2.7",
        "last_updated": "2023-05-08T06:45:00.000Z",
        "outdated": true,
        "readme_url": null,
        "directory_listing": null,
        "error_log_url": null,
        "found_by": "Urls In Homepage (Passive Detection)",
        "confidence": 80,
        "interesting_entries": [
  
        ],
        "confirmed_by": {
  
        },
        "vulnerabilities": [
          {
            "title": "Otter - Gutenberg Blocks < 2.2.6 - Author+ PHAR Deserialization",
            "fixed_in": "2.2.6",
            "references": {
              "cve": [
                "2023-2288"
              ],
              "wpvulndb": [
                "93acb4ee-1053-48e1-8b69-c09dc3b2f302"
              ]
            }
          }
        ],
        "version": {
          "number": "1.3.1",
          "confidence": 100,
          "found_by": "Readme - ChangeLog Section (Aggressive Detection)",
          "interesting_entries": [
            "https://timverbecque.be/wp-content/plugins/otter-blocks/readme.txt"
          ],
          "confirmed_by": {
            "Change Log (Aggressive Detection)": {
              "confidence": 60,
              "interesting_entries": [
                "https://timverbecque.be/wp-content/plugins/otter-blocks/CHANGELOG.md, Match: '## v1.3.1'"
              ]
            }
          }
        }
      }
    },
    "config_backups": {
  
    },
    "vuln_api": {
      "plan": "free",
      "requests_done_during_scan": 0,
      "requests_remaining": 69
    },
    "stop_time": 1683721984,
    "elapsed": 30,
    "requests_done": 141,
    "cached_requests": 41,
    "data_sent": 29944,
    "data_sent_humanised": "29.242 KB",
    "data_received": 71629,
    "data_received_humanised": "69.95 KB",
    "used_memory": 257499136,
    "used_memory_humanised": "245.57 MB"
  }
  