{
  "host": "www.refracted.eu",
  "ip": "34.140.38.116",
  "port": "80",
  "banner": "Odoo.sh",
  "vulnerabilities": [
    {
      "id": "999957",
      "references": "https://developer.mozilla.org/en-US/docs/Web/HTTP/Headers/X-Frame-Options",
      "method": "GET",
      "url": "",
      "msg": "/: The anti-clickjacking X-Frame-Options header is not present."
    },
    {
      "id": "999103",
      "references": "https://www.netsparker.com/web-vulnerability-scanner/vulnerabilities/missing-content-type-header/",
      "method": "GET",
      "url": "",
      "msg": "/: The X-Content-Type-Options header is not set. This could allow the user agent to render the content of the site in a different fashion to the MIME type."
    },
    {
      "id": "999962",
      "method": "GET",
      "url": "",
      "msg": "Server banner changed from 'Odoo.sh' to 'nginx/1.18.0'."
    }
  ],
  "time": "16-05-2023_14-45-06"
}